Donor,Type,Type of intervention,Details,Region,District,Community,Settlements,Institution,# residents,# beneficiaries,Cost UAH,GPS coordinates,Evidence,STATUS,Date,Select
UNICEF,WASH,Water tower,"Replacement of a water tower with a volume of 25 m³ and a height of 15 m, quantity of 1 unit.",Kharkivska,Kharkivskyi,Pisochynska,Korotych,,600,580,"461,000",49.946607. 36.049286,http://surl.li/sgzdt,Completed,6/26/2024,yes
UNICEF,WASH,Water tower,Replacement of the Rozhnovsky tower with a volume of 25 m³ and a height of 18 m.,Kharkivska,Berestynskyi,Kehychivska,Oleksandrivske,,600,520,"502,000",49.384068.35.899594,http://surl.li/sszqw,Completed,5/20/2024,
UNICEF,WASH,Water tower,Replacement of the Rozhnovsky tower with a volume of 50 m³ and a height of 25 m.,Kharkivska,Berestynskyi,Kehychivska,Kehychivka,,1200,960,"1,014,000",49.292075. 35.783249,http://surl.li/sszqq,Completed,7/14/2024,
UNICEF,WASH,Water tower,Replacement of the Rozhnovsky tower.,Kharkivska,Berestynskyi,Krasnohradska,Zoriane,,280,280,"411,000",49°26'34.8°N 35°25'46.9°E,http://surl.li/sszrz,Completed,5/29/2024,
UNICEF,WASH,Water tower,Replacement of a 25 m³ water tower with a quantity of 1 unit.,Kharkivska,Chuhuivskyi,Chuhuivska,Zarozhne,,700,490,"679,000",49.942417. 36.686931,http://surl.li/sszpn,Completed,10/16/2024,
UNICEF,WASH,Water tower,"Replacement of a 25 m³ water tower, quantity 1 unit.",Kharkivska,Chuhuivskyi,Chuhuivska,Velyka Babka,,700,470,"690,000","49°58'53.7""N 36°43'49.3""E",http://surl.li/sszqc,Completed,10/17/2024,
UNICEF,WASH,Water tower,"Installation of a 25 m³ water tower with a height of 15 m, quantity of 1 unit.",Kharkivska,Iziumskyi,Balakliiska,Petrivske,,1350,920,"875,000",49.113681. 36.922095,http://surl.li/stbjt,Completed,9/24/2024,
UNICEF,WASH,Water tower,Replacement of the Rozhnovsky tower. 15 m³,Kharkivska,Lozivskyi,Lozivska,Oleksandrivka,,150,150,"455,000","49°00'42.5""N 36°27'48.0""E",http://surl.li/sszrk,Completed,12/27/2024,
UNICEF,WASH,Water tower,Replacement of the Rozhnovsky tower with a volume of 15 m³ and a height of 15 m.,Kharkivska,Berestynskyi,Berestynska,Pershotravneve,,113,113,"436,000",49.7030150. 35.3608250,http://surl.li/sszte,Completed,12/3/2024,
LDS,WASH,Water tower,Water tower | ≤ v28m³ | ht 19.3m,Kharkivska,Lozivskyi,Oleksiivska,Oleksiivka,,1448,700,"670,000","49.39872° N, 36.27850° E",https://surl.li/hyhvmu,Completed,2/28/2026,
LDS,WASH,Water tower,Water tower | ≤ v22m³ | ht 12m,Kharkivska,Berestynskyi,Sakhnovshchynska,Suharivske,,275,400,"555,000","49°06'19.6""N 35°52'48.4""E",https://surl.li/jdsnhx,Completed,12/29/2025,
LDS,WASH,Water tower,Water tower | ≤ v28m³ | ht 19m,Kharkivska,Bohodukhivskyi,Bohodukhivska,Shchaslyve,,1896,900,"679,700","50.09185° N, 35.78152° E",https://surl.li/azyzrz,Completed,2/19/2026,
LDS,WASH,Water tower,Water tower | ≤ v28m³ | ht 19m,Kharkivska,Bohodukhivskyi,Bohodukhivska,Huty,,780,900,"679,700","50.09185° N, 35.78152° E",https://surl.li/mtloyg,Completed,3/31/2026,
UNICEF,WASH,Purification system,Installation of reverse osmosis water purification systems,Kharkivska,Chuhuivskyi,Zmiivska,Zmiiv,Zmiiv Central District Hospital,17000,6900,"548,000",49°40'45.7°N 36°20'11.0°E,https://drive.google.com/drive/folders/1vxk8KepkuEStw9oKWICtkgkGEODImXKu,Completed,5/11/2024,
UNICEF,WASH,Purification system,Installation of reverse osmosis water purification systems,Kharkivska,Iziumskyi,Balakliiska,Borshchivka,Borshchiv Starostynsky District,669,389,"460,000",49.49983°N. 36.96320°E,http://surl.li/stcls,Completed,5/11/2024,
UNICEF,WASH,Purification system,Installation of reverse osmosis water purification systems,Kharkivska,Iziumskyi,Balakliiska,Balakliia,Cultural Center in Balakliya,26921,9200,"463,000",49.4586590. 36.8591760,http://surl.li/stclf,Completed,5/12/2024,yes
UNICEF,WASH,Purification system,Installation and arrangement of a water purification system,Kharkivska,Lozivskyi,Lozivska,Paniutyne,Panyutyn Lyceum,6869,2300,"486,600",48.940083. 36.273007,http://surl.li/rduwjj,Completed,6/5/2024,
UNICEF,WASH,Purification system,Installation and arrangement of a water purification system,Kharkivska,Lozivskyi,Lozivska,Orilka,Orilsky Lyceum,3909,1400,"541,307",48.980665°N. 35.996020°E,http://surl.li/qojisl,Completed,6/8/2024,
UNICEF,WASH,Purification system,Installation of reverse osmosis water purification systems,Kharkivska,Lozivskyi,Pervomaiska,Pervomaiskyi,Pervomaisky Lyceum No. 5,1600,880,"528,327","49°23'57.8""N 36°13'08.2""E",http://surl.li/yyyfft,Completed,8/16/2024,
UNICEF,WASH,Purification system,Installation of reverse osmosis water purification systems,Kharkivska,Lozivskyi,Pervomaiska,Pervomaiskyi,Pervomaisky Lyceum No. 7,1700,890,"528,327",49.401275. 36.207695,http://surl.li/hvxvgp,Completed,8/16/2024,yes
LDS,WASH,Purification system,Water purification system | up to 2-3 m³/day,Kharkivska,Kharkivskyi,Vysochanska,Pokotylivka,General practice clinic of family medicine,24000,"7,200","605,707","49°54'41.2""N 36°10'22.7""E",https://surl.li/wzsxjg,Completed,3/20/2026,
LDS,WASH,Purification system,Water purification system | up to 2-3 m³/day,Kharkivska,Berestynskyi,Sakhnovshchynska,Sakhnovshchyna,Sakhnovshchyna Lyceum No. 1,550,550,"633,115","49°09'07.7""N 35°52'24.6""E",https://surl.li/wpkclt,Completed,3/25/2026,
LDS,WASH,Purification system,Water purification system | up to 2-3 m³/day,Kharkivska,Berestynskyi,Sakhnovshchynska,Sakhnovshchyna,Sakhnovshchyna Lyceum No. 2,450,450,"633,115","49°08'19.8""N 35°52'04.4""E",https://surl.li/dqmcko,Completed,3/25/2026,
LDS,WASH,Purification system,Water purification system | up to 2-3 m³/day,Kharkivska,Kharkivskyi,Merefianska,Merefa,Merefyansk Gymnasium No. 4,14850,"2,160","522,788","49°49'24.6""N 36°02'10.4""E",https://surl.li/frydql,Completed,2/11/2026,yes
LDS,WASH,Purification system,Water purification system | up to 2-3 m³/day,Kharkivska,Kharkivskyi,Merefianska,Merefa,Merefyansk Gymnasium No. 3,3000,"1,370","633,115","49°46'33.5""N 36°01'23.8""E",https://surl.lt/phfgsv,Completed,3/25/2026,
LDS,WASH,Purification system,Water purification system | up to 2-3 m³/day,Kharkivska,Chuhuivskyi,Zmiivska,Chemuzhivka,Chemuzhiv Lyceum,515,515,"609,707","49°42'25.7""N 36°19'20.2""E",https://surl.lt/sylwmk,Completed,2/8/2026,
UNICEF,WASH,wash facility,Repair work of bathrooms. showers. inclusion of the maternity ward. 4000 people every month. 120 people need an inclusive bathroom every month,Kharkivska,Chuhuivskyi,Chuhuivska,Chuhuiv,Chuguyiv District Primary Health Care Center,4000,4023,"200,245",49.8303460.36.6947930,https://drive.google.com/drive/folders/1dXpsHInCyLAvjxBqK0p2EkkXXTnYmq5g,Completed,6/22/2024,
UNICEF,WASH,wash facility,Repair of an inclusive bathroom. 8 children need an inclusive bathroom.,Kharkivska,Lozivskyi,Lozivska,Lozova,Lozivskyi Lyceum No. 7,677,706,"593,000","48°52'59.7""N 36°16'29.4""E",http://surl.li/sszkv,Completed,9/11/2024,
UNICEF,WASH,wash facility,Repair of an inclusive bathroom. 1760 people every month. 128 people need an inclusive bathroom.,Kharkivska,Lozivskyi,Lozivska,Lymanivka,Panyutyn Primary Health Care Center (Outpatient Clinic),1760,929,"278,000",48.854352°N 36.205483°E,http://surl.li/sszll,Completed,11/3/2024,
UNICEF,WASH,wash facility,Repair of an inclusive bathroom. 22 children need an inclusive bathroom.,Kharkivska,Lozivskyi,Lozivska,Lymanivka,Panyutyn Lyceum,868,2498,"43,400","48°56'24.3""N 36°16'22.8""E",http://surl.li/sszmf,Completed,9/11/2024,
UNICEF,WASH,wash facility,Repair of an inclusive bathroom. 9 children need an inclusive bathroom.,Kharkivska,Lozivskyi,Lozivska,Orilka,Orylkivskyi Lyceum,202,240,"311,000",48.982475. 35.996601,http://surl.li/sszmv,Completed,9/26/2024,
UNICEF,WASH,wash facility,Repair of an inclusive bathroom in the palliative care ward. 392 people every month. 35 people need an inclusive bathroom every month,Kharkivska,Chuhuivskyi,Zmiivska,Zmiiv,Zmiiv Central District Hospital,392,3367,"351,000",49.679361. 36.336389,http://surl.li/sszng,Completed,12/17/2024,
UNICEF,WASH,wash facility,10755 people every month. 40 people need an inclusive bathroom every month,Kharkivska,Chuhuivskyi,Zmiivska,Zmiiv,Polyclinic Department Zmiiv Central District Hospital,10755,16991.8,"370,894",49.677864. 36.355127,http://surl.li/buxlqp,Completed,12/30/2024,
UNICEF,WASH,wash facility,Provision of building materials. The repair work will be carried out by our own forces.,Kharkivska,Lozivskyi,Lozivska,Lozova,Lozivskyi Lyceum No. 4,1157,730,"192,159",48.876860. 36.292766,http://surl.li/vxzxui,Completed,12/23/2024,
UNICEF,WASH,wash facility,Provision of building materials. Repair work will be carried out by our own forces.,Kharkivska,Lozivskyi,Lozivska,Lozova,Lozivskyi Lyceum No. 12,452,434,"107,044",48.88145. 36.29151,http://surl.li/cgncsz,Completed,12/23/2024,
UNICEF,WASH,Pumps,Borehole pump 4 inches. VINAR VSRT 200-32. Engine 5.5 kWt 3 PCS,Kharkivska,Bohodukhivskyi,Bohodukhivska,Hubarivka,,1382,1382,122000,"50°9′56.04″ N, 35°21′45.37″ E",http://surl.li/sgzcg,Completed,3/18/2024,
UNICEF,WASH,Pumps,Borehole pump 4 inches. VINAR VSRT 200-32. Engine 5.5 kWt 1 PCS,Kharkivska,Bohodukhivskyi,Bohodukhivska,Polkova Mykytivka,,703,703,41000,"50°9′4″ N, 35°19′3″ E",http://surl.li/sgzcg,Completed,3/18/2024,
UNICEF,WASH,Pumps,Borehole pump MNP 612-25 7.5 kWt -6 inches. 10 m3/hour. head 146 m,Kharkivska,Kharkivskyi,Pisochynska,Pisochyn,,267,267,65000,49.954757. 36.114017,http://surl.li/stctw,Completed,4/4/2024,
UNICEF,WASH,Pumps,Borehole pump Wilo TWU4.08-29-DM-C,Kharkivska,Kharkivskyi,Pisochynska,Berezivka,,499,499,64000,49.954757. 36.114017,http://surl.li/stctw,Completed,4/4/2024,
UNICEF,WASH,Pumps,Borehole pump MNP402-27.2.4 m3 at 113 N.2.2 kW,Kharkivska,Kharkivskyi,Pisochynska,Korotych,,30,30,19000,49.954757. 36.114017,http://surl.li/stctw,Completed,4/4/2024,yes
UNICEF,WASH,Pumps,Borehole pump Pedrollo 4SR 6/17 S-PD 3HP 400V 50Hz 49480617WLA,Kharkivska,Kharkivskyi,Pisochynska,Korotych,,162,162,32000,49.954757. 36.114017,http://surl.li/stctw,Completed,4/4/2024,
UNICEF,WASH,Pumps,Borehole pump MNP404-18. 3.3m³ at 93N. 1.5 kW,Kharkivska,Kharkivskyi,Pisochynska,Novyi Korotych,,297,297,17000,49.954757. 36.114017,http://surl.li/stctw,Completed,4/4/2024,
UNICEF,WASH,Pumps,Well pump Pedrollo 4SR 6/17 S-PD 3HP 400V 50Hz 49480617WLA 1 PCS,Kharkivska,Berestynskyi,Kehychivska,Mazharka,,670,670,32000,49.1670445. 35.598119,http://surl.li/sgyze,Completed,4/3/2024,
UNICEF,WASH,Pumps,Well pump Pedrollo 4SR 6/17 S-PD 3HP 400V 50Hz 49480617WLA 2 PCS,Kharkivska,Berestynskyi,Kehychivska,Vovkivka,,913,913,32000,"49.12416 N, 35.58163 E",http://surl.li/sgyze,Completed,4/3/2024,
UNICEF,WASH,Pumps,Well pump Pedrollo 4SR 6/17 S-PD 3HP 400V 50Hz 49480617WLA 1 PCS,Kharkivska,Berestynskyi,Kehychivska,Kalynivka,,359,359,32000,"49.09824 N, 35.60617 E",http://surl.li/sgyze,Completed,4/3/2024,
UNICEF,WASH,Pumps,Well pump Pedrollo 4SR 6/17 S-PD 3HP 400V 50Hz 49480617WLA 1 PCS,Kharkivska,Berestynskyi,Kehychivska,Krasne,,745,745,32000,"49.88359 N, 37.21258 E",http://surl.li/sgyze,Completed,4/3/2024,
UNICEF,WASH,Pumps,Well pump Pedrollo 4SR 8/43 (7.5 kW) 1 PCS,Kharkivska,Berestynskyi,Kehychivska,Paraskoviia,,479,479,56000,"49.366389°, 35.961111°",http://surl.li/sgyze,Completed,4/3/2024,
UNICEF,WASH,Pumps,Well pump Pedrollo 4SR 8/43 (7.5 kW) 1 PCS,Kharkivska,Berestynskyi,Kehychivska,Oleksandrivske,,594,594,56000,49.384068.35.899594,http://surl.li/sgyze,Completed,4/3/2024,
UNICEF,WASH,Pumps,Well pump MNP 618-14 7.5 kW - 6 inches. 15 m3 / h. head 110 m 1 PCS,Kharkivska,Iziumskyi,Balakliiska,Petrivske,,1893,1893,55000,49.113681. 36.922095,http://surl.li/sgzat,Completed,3/15/2024,
UNICEF,WASH,Pumps,Well pump MNP 618-14 7.5 kW - 6 inches. 15 m3 / h. head 110 m 1 PCS,Kharkivska,Iziumskyi,Balakliiska,Zavhorodnie,,321,321,55000,"49°35′30″ N, 36°20′52″ E",http://surl.li/sgzba,Completed,4/9/2024,
UNICEF,WASH,Pumps,Pump borehole 4SRm 6/13 F-PD Pedrollo (8413702900). 1.5 kW 1 PCS,Kharkivska,Lozivskyi,Lozivska,Bunakove,,160,160,21000,"49.23866 N, 36.52164 E",http://surl.li/ssojkj,Completed,7/2/2024,
UNICEF,WASH,Pumps,Pump borehole 4SRm 6/13 F-PD Pedrollo (8413702900). 1.5 kW 1 PCS,Kharkivska,Lozivskyi,Lozivska,Maltsivske,,272,272,21000,"48.84436 N, 36.18948 E",http://surl.li/ssojkj,Completed,7/2/2024,yes
UNICEF,WASH,Pumps,Well pump 4SRm 8/13 F-PD Pedrollo (8413702900)-2.2 kW 1 PCS,Kharkivska,Lozivskyi,Lozivska,Orilka,,1225,1225,21000,"48.97482 N, 36.02983 E",http://surl.li/ssojkj,Completed,7/2/2024,
UNICEF,WASH,Pumps,Well pump 4SRm 4/8 F-PD Pedrollo (8413702900) - 0.75 kW 1 PCS,Kharkivska,Lozivskyi,Lozivska,Smyrnivka,,55,55,16000,"48.9885 N, 36.4256 E",http://surl.li/ssojkj,Completed,7/2/2024,
UNICEF,WASH,Pumps,Well pump 4SRm 6/24 F-PD Pedrollo (8413702900) - 3 kW 1 PCS,Kharkivska,Lozivskyi,Lozivska,Smyrnivka,,264,264,30000,"48.9885 N, 36.4256 E",http://surl.li/ssojkj,Completed,7/2/2024,
UNICEF,WASH,Pumps,Well pump 4SRm 4/12 F-PD Pedrollo (8413702900)-1.1 kW 2 PCS,Kharkivska,Lozivskyi,Lozivska,Bunakove,,48,48,18000,"49.23866 N, 36.52164 E",http://surl.li/ssojkj,Completed,7/2/2024,
UNICEF,WASH,Pumps,Well pump 4SRm 4/12 F-PD Pedrollo (8413702900)-1.1 kW 1 PCS,Kharkivska,Lozivskyi,Lozivska,Nova Ivanivka,,212,212,18000,"48.88590 N, 36.20682 E",http://surl.li/ssojkj,Completed,7/2/2024,
LDS,WASH,Pumps,"Circulation pump BSM 80-125/75 (90/23), 7.5kW, 2900 2 PCS
ATV610D45N4 FREQUENCY CONVERTER ATV610 45kW 380V IP20 complete with Motor choke OCL2-045-4 INVT and control cabinet 2 PCS",Kharkivska,Kharkivskyi,Vysochanska,Babai,,6850,6850,"659,904","49.896944, 36.195833",https://surl.li/kpjhuy,Completed,3/31/2026,
LDS,WASH,Pumps,"MNP408 pump -32 with 5.5 kW motor 1 PCS
SPACIAL CRN ATS01 control cabinet / Complete based on Schneider Electric 1 PCS",Kharkivska,Berestynskyi,Sakhnovshchynska,"Novooleksandrivka
",,2442,400,"84,624","50.15739 N, 37.24777 E",https://surl.lt/nxtktf,Completed,02/09/2026,
LDS,WASH,Pumps,"MNP408 pump -32 with 5.5 kW motor 2 PCS
SPACIAL CRN ATS01 control cabinet / Complete based on Schneider Electric 2 PCS",Kharkivska,Berestynskyi,Sakhnovshchynska,"Suharivske
",,2442,570,"169,248","49°06'19.6""N 35°52'48.4""E",https://surl.lt/nxtktf,Completed,02/09/2026,
LDS,WASH,Pumps,"MNP408 pump -32 with 5.5 kW motor 2 PCS
SPACIAL CRN ATS01 control cabinet / Complete based on Schneider Electric 2 PCS",Kharkivska,Berestynskyi,Sakhnovshchynska,"Hryshivka
",,2442,210,"169,248","49.11901 N, 35.84221 E",https://surl.lt/nxtktf,Completed,02/09/2026,
LDS,WASH,Pumps,SD pump unit 80/18A with electric motor AIR132S4 (7.5/1500) 2 PCS,Kharkivska,Berestynskyi,Sakhnovshchynska,Sakhnovshchyna,,3500,805,"184,080","49.15352 N, 35.86676 E",https://surl.lt/nxtktf,Completed,02/09/2026,yes
LDS,WASH,Pumps,"Pedrollo 4SR8/43 F-PD 10HP 400V 50Hz 3F / Electric motor power: 7.5 kW. (Borehole pump) 1 PCS
SPACIAL CRN ATS01 control cabinet / Complete based on Schneider Electric 1 PCS",Kharkivska,Lozivskyi,Oleksiivska,Oleksiivka,,2070,249,"112,878","49.39872° N, 36.27850° E",https://surl.li/kmpwun,Completed,02/16/2026,
LDS,WASH,Pumps,"Pedrollo 4SR8/43 F-PD 10HP 400V 50Hz 3F / Electric motor power: 7.5 kW. (Borehole pump) 1 PCS
SPACIAL CRN ATS01 control cabinet / Complete based on Schneider Electric 1 PCS",Kharkivska,Lozivskyi,Oleksiivska,Kartamysh,,2070,137,"112,878","49.27900 N, 36.53744 E",https://surl.li/kmpwun,Completed,02/16/2026,
LDS,WASH,Pumps,"Pedrollo 4SR8/43 F-PD 10HP 400V 50Hz 3F / Electric motor power: 7.5 kW. (Borehole pump) 1 PCS
SPACIAL CRN ATS01 control cabinet / Complete based on Schneider Electric 1 PCS",Kharkivska,Lozivskyi,Oleksiivska,Yefremivka,,2070,111,"112,878","49.45118 N, 36.05455 E",https://surl.li/kmpwun,Completed,02/16/2026,
LDS,WASH,Pumps,"Pedrollo 4SR8/43 F-PD 10HP 400V 50Hz 3F / Electric motor power: 7.5 kW. (Borehole pump) 1 PCS
SPACIAL CRN ATS01 control cabinet / Complete based on Schneider Electric 1 PCS",Kharkivska,Lozivskyi,Oleksiivska,Troitske,,2070,198,"112,878","49.68505° N, 37.277771° E",https://surl.li/kmpwun,Completed,02/16/2026,
LDS,WASH,Pumps,"Pedrollo 4SR8/43 F-PD 10HP 400V 50Hz 3F / Electric motor power: 7.5 kW. (Borehole pump) 1 PCS
SPACIAL CRN ATS01 control cabinet / Complete based on Schneider Electric 1 PCS",Kharkivska,Lozivskyi,Oleksiivska,Triichate,,2070,172,"112,878","50.303333, 36.866389",https://surl.li/kmpwun,Completed,02/16/2026,
LDS,WASH,Pumps,Pump MNP409-28 with 5.5kW motor 4 PCS,Kharkivska,Bohodukhivskyi,Bohodukhivska,Bohodukhiv,,14500,230,"36,745","50.182175° N, 35.516052° E",https://drive.google.com/drive/folders/1lLLY3oU4w-bP5VKHLMKCtZhTz-WHg7pc,Completed,3/31/2026,
LDS,WASH,Pumps,Pump MNP404-27 with 2.2kW 220V motor 1 PCS,Kharkivska,Bohodukhivskyi,Bohodukhivska,Verbivka,,200,190,"17,196",49°29′18″N 36°49′47″E,https://drive.google.com/drive/folders/1lLLY3oU4w-bP5VKHLMKCtZhTz-WHg7pc,Completed,3/31/2026,
LDS,WASH,Pumps,Pump MNP404-27 with 2.2kW 220V motor 1 PCS,Kharkivska,Bohodukhivskyi,Bohodukhivska,Pervukhynka,,200,160,"17,196","50.1046425° N, 35.3609145° E",https://drive.google.com/drive/folders/1lLLY3oU4w-bP5VKHLMKCtZhTz-WHg7pc,Completed,3/31/2026,
LDS,WASH,Pumps,Pump MNP404-27 with 2.2kW 220V motor 1 PCS,Kharkivska,Bohodukhivskyi,Bohodukhivska,Zariabynka,,420,213,"17,196","50.223333°, 35.5525°",https://drive.google.com/drive/folders/1lLLY3oU4w-bP5VKHLMKCtZhTz-WHg7pc,Completed,3/31/2026,
LDS,WASH,Pumps,Pump MNP404-27 with 2.2kW 220V motor 1 PCS,Kharkivska,Bohodukhivskyi,Bohodukhivska,Viktorivka,,600,260,"17,196","50.023056°, 35.640833°",https://drive.google.com/drive/folders/1lLLY3oU4w-bP5VKHLMKCtZhTz-WHg7pc,Completed,3/31/2026,
LDS,WASH,Pumps,Pump MNP404-27 with 2.2kW 380V motor 1 PCS,Kharkivska,Bohodukhivskyi,Bohodukhivska,Huty,,1800,840,"17,196","50.09185° N, 35.78152° E",https://drive.google.com/drive/folders/1lLLY3oU4w-bP5VKHLMKCtZhTz-WHg7pc,Completed,3/31/2026,
LDS,WASH,Pumps,Pump MNP404-27 with 2.2kW 380V motor 1 PCS,Kharkivska,Bohodukhivskyi,Bohodukhivska,Krysyne,,1000,620,"17,196","50.115278°, 35.622222°",https://drive.google.com/drive/folders/1lLLY3oU4w-bP5VKHLMKCtZhTz-WHg7pc,Completed,3/31/2026,
LDS,WASH,Pumps,Pump MNP404-27 with 2.2kW 380V motor 1 PCS,Kharkivska,Bohodukhivskyi,Bohodukhivska,Maksymivka,,1000,720,"17,196","50.09°, 35.700278°",https://drive.google.com/drive/folders/1lLLY3oU4w-bP5VKHLMKCtZhTz-WHg7pc,Completed,3/31/2026,yes
LDS,WASH,Pumps,Pump MNP404-27 with 2.2kW 380V motor 1 PCS,Kharkivska,Bohodukhivskyi,Bohodukhivska,Hubarivka,,1000,53,"17,196","50.165556°, 35.361111°",https://drive.google.com/drive/folders/1lLLY3oU4w-bP5VKHLMKCtZhTz-WHg7pc,Completed,3/31/2026,
UNICEF,WASH,Pipes,"""Plastic pipes. diameter 110. - 18 coils x 100 m ( 1800 m)
(Polyethylene pipe PE100 SDR 17 (1.0 MPa). D110x6.6. GOST BV.2.7-151:2008. in coils 100m)""",Kharkivska,Iziumskyi,Balakliiska,Husarivka,,1119,800,,"49.35848 N, 36.81467 E",http://surl.li/tvxbdo,Completed,6/28/2024,
UNICEF,WASH,Pipes,"""Plastic pipes. diameter 110. - 18 coils x 100 m ( 1800 m)
(Polyethylene pipe PE100 SDR 17 (1.0 MPa). D110x6.6. GOST BV.2.7-151:2008. in coils 100m)""",Kharkivska,Iziumskyi,Balakliiska,Lozovenka,,980,654,,"49.26287 N, 36.64009 E",http://surl.li/tvxbdo,Completed,6/28/2024,
UNICEF,WASH,Pipes,"""Plastic pipes. diameter 110. - 18 coils x 100 m ( 1800 m)
(Polyethylene pipe PE100 SDR 17 (1.0 MPa). D110x6.6. GOST BV.2.7-151:2008. in coils 100m)""",Kharkivska,Iziumskyi,Balakliiska,Mylova,,840,224,,49.45089° 36.70849°,http://surl.li/tvxbdo,Completed,6/28/2024,
UNICEF,WASH,Pipes,polyethylene pipes - d-110-1000 m.. shut-off valves (Polyethylene pipe PE100 SDR 17 (1.0 MPa). D110x6.6. GOST BV.2.7-151:2008. in coils 100m),Kharkivska,Berestynskyi,Kehychivska,Kehychivka,,1200,320,,49.292075. 35.783249,,Completed,6/18/2024,
UNICEF,WASH,Pipes,"Supply of plastic pipes DN 50-1000m (Polyethylene pipe
PE 100 SDR 17 (1.0 MPa). D50x3. GOST B V.2.7-151:2008.in coils 100m)
DN 63-2500m (Polyethylene pipe PE 100 SDR 17 (1.0 MPa). D63x3. GOST B V.2.7-151:2008.in coils 100m)
DN 110-3000m; (Polyethylene pipe PE100 SDR 17 (1.0 MPa). D110x6.6. GOST BV.2.7-151:2008. in coils 100m)",Kharkivska,Bohodukhivskyi,Bohodukhivska,Bohodukhiv,,15000,2800,,50°9′42″N 35°31′32″E,http://surl.li/azdjhj,Completed,6/28/2024,
UNICEF,WASH,Pipes,Du 110-2000m; (Polyethylene pipe PE100 SDR 17 (1.0 MPa). D110x6.6. GOST BV.2.7-151:2008. in coils 100m),Kharkivska,Lozivskyi,Lozivska,Bunakove,,,,,"49.23866 N, 36.52164 E",http://surl.li/drdyck,Completed,6/28/2024,
UNICEF,WASH,Pipes,Du 110-2000m; (Polyethylene pipe PE100 SDR 17 (1.0 MPa). D110x6.6. GOST BV.2.7-151:2008. in coils 100m),Kharkivska,Lozivskyi,Lozivska,Krasnopavlivka,,,,,49°08′25″N 36°19′25″E,http://surl.li/drdyck,Completed,6/28/2024,yes
UNICEF,WASH,Pipes,Du 110-2000m; (Polyethylene pipe PE100 SDR 17 (1.0 MPa). D110x6.6. GOST BV.2.7-151:2008. in coils 100m),Kharkivska,Lozivskyi,Lozivska,Oleksandrivka,,,,,"49°00'42.5""N 36°27'48.0""E",http://surl.li/drdyck,Completed,6/28/2024,
UNICEF,WASH,Pipes,Du 110-2000m; (Polyethylene pipe PE100 SDR 17 (1.0 MPa). D110x6.6. GOST BV.2.7-151:2008. in coils 100m),Kharkivska,Lozivskyi,Lozivska,Yelyzavetivka,,,,,"49°09'23.1""N 36°20'27.7""E",http://surl.li/drdyck,Completed,6/28/2024,
UNICEF,WASH,Pipes,"Provision of plastic pipes DN 63-2000m. (Polyethylene pipe
PE 100 SDR 17 (1.0 MPa)D63x3. GOST B V.2.7-151:2008.in coils 100m)
DN 110-2000m; (Polyethylene pipe PE100 SDR 17 (1.0 MPa)
D110x6.6. GOST BV.2.7-151:2008. in coils 100m)",Kharkivska,Iziumskyi,Iziumska,Izium,,,,,49°12'25.1'' N 37°16.607' E,http://surl.li/zqpkpm,Completed,6/20/2024,
UNICEF,WASH,Water tank,Water Tank 500 L 1 PCS,Kharkivska,Bohodukhivskyi,Bohodukhivska,Sinne,,5012,5012,,"50.218056°, 35.634444°",http://surl.li/yempsr,Completed,12/13/2024,
UNICEF,WASH,Water tank,Water Tank 500 L 1 PCS,Kharkivska,Bohodukhivskyi,Bohodukhivska,Shchaslyve,,16991.8,16991.8,"6,900","50.09185° N, 35.78152° E",http://surl.li/yempsr,Completed,12/13/2024,yes
UNICEF,WASH,Water tank,Water Tank 500 L 1 PCS,Kharkivska,Bohodukhivskyi,Bohodukhivska,Sazono-Balanivka,,153,153,,"50.065556°, 35.813056°",http://surl.li/yempsr,Completed,12/13/2024,
UNICEF,WASH,Water tank,Water Tank 1000 L,Kharkivska,Bohodukhivskyi,Bohodukhivska,Polkova Mykytivka,,730,730,,"50.151111°, 35.314722°",http://surl.li/yempsr,Completed,12/13/2024,
UNICEF,WASH,Water tank,Water Tank 500 L,Kharkivska,Krasnohradskyi,Krasnohradska,Krasnohrad,,434,434,,"49.371667°, 35.456667°",http://surl.li/yempsr,Completed,12/13/2024,
UNICEF,WASH,Water tank,Water Tank 1000 L,Kharkivska,Krasnohradskyi,Krasnohradska,Krasnohrad,,0,0,,"49.371667°, 35.456667°",http://surl.li/yempsr,Completed,12/13/2024,
LDS,WASH,Water Tank,"Plastic container, double-layer, volume: 500 l., height: 110 cm., diameter: 85 cm., neck diameter: 32 cm., connection thread: 1⁄2 , shape: cylindrical, position: vertical; liquid type: drinking water, 6 pcs",Kharkivska,Kharkivskyi,Vysochanska,Pokotylivka,,2000,620,"42,480","49.91260° N, 36.19326° E",https://surl.lt/vipaab,Completed,2/20/2026,
LDS,WASH,Water Tank,"Plastic container, double-layer, volume: 1000 l., height: 103 cm., diameter: 37 cm., neck diameter: 37 cm., connection thread: 1⁄2 , length: 124 cm., width: 104 cm., shape: cylindrical, position: vertical; liquid type: drinking water, 4 pcs",Kharkivska,Berestynskyi,Sakhnovshchynska,Sakhnovshchyna,,2000,550,"57,576","49.15352° N, 35.86676° E",https://surl.lu/tnyvsq,Completed,2/20/2026,
Nadacia Pontis,Recovery,Windows & doors replacement,"As part of the infrastructure restoration project, 69 windows (totaling 179.06 m²) were replaced. The scope of work included demolition, the application of water-repellent sealing tape at joints, the installation of external sills and internal windowsills, and the finishing of both internal and external reveals.",Chernihivska,Chernihivskyi,Chernihivska,Chernihiv,"Preschool education institution No. 35 ""Barvinok""",114,114,"2,025,007","51°30'07.8""N 31°17'13.6""E",https://drive.google.com/drive/folders/1UlcB5LIiWyP8sB1g71MvMYhExSV-4w-U,Completed,8/18/2024,
Nadacia Pontis,Recovery,Windows & doors replacement,"As part of the infrastructure restoration initiative, 76 windows (totaling 210.65 m²) were replaced. The scope of work included demolition, the application of water-repellent sealing tape at joints, the installation of external drip caps and internal windowsills, as well as the finishing of both internal and external reveals.",Chernihivska,Chernihivskyi,Chernihivska,Chernihiv,"Preschool educational institution No. 59 ""Bilochka""",138,138,"2,247,029","51°31'22.5""N 31°16'26.8""E",https://drive.google.com/drive/folders/1ecU4d8m0131GWa8PREvrKn_QvqwZaBhk,Completed,8/16/2024,
Nadacia Pontis,Recovery,Windows & doors replacement,"A total of 111 windows, with a collective area of 361.96 m², were replaced. The installation process included fitting water-resistant strips at joints, new window sills, and both internal and external slopes, accompanied by necessary demolition work.",Chernihivska,Chernihivskyi,Chernihivska,Chernihiv,"Chernihiv preschool educational institution No. 69 ""Strumochok""",156,156,"3,691,953","51°30'46.0""N 31°20'06.8""E",https://drive.google.com/drive/folders/1BKh7K9JfRPqU1IDCBkn99deQDJ77f6zI,Completed,8/16/2024,yes
Nadacia Pontis,Recovery,Windows replacement,"37 windows were replaced, totaling 106.13 m2, with the installation of water-repellent tape at the joints, the installation of window drains and window sills, the installation of internal and external slopes, and dismantling work was performed.",Chernihivska,Chernihivskyi,Chernihivska,Chernihiv,Chernihiv Lyceum of Railway Transport,88,88,"967,713","51°29'36.8""N 31°17'06.6""E",https://drive.google.com/drive/folders/12UnkoOCRpCgtdfGVsZ23a3rc3lsazxBv,Completed,8/16/2024,
Nadacia Pontis,Recovery,Windows replacement,"37 windows were replaced, which is 153.22 m2, with the installation of water-repellent tape at the joints, with the installation of window drains and window sills, with the installation of internal and external slopes, and dismantling work was performed.",Chernihivska,Chernihivskyi,Chernihivska,Chernihiv,Vocational School of Consumer Services,698,698,"2,596,315","51°30'41.9""N 31°16'20.9""E",https://drive.google.com/drive/folders/1vYJOGie-ZKCPFC9mXe6Brynb65FKv-TH,Completed,8/16/2024,yes
Nadacia Pontis,Recovery,Roof replacement,"The rehabilitation of the school’s roof, covering a total area of 1,046 m².The project involved the installation of a high-performance PVC (polyvinyl chloride) membrane system, dry-laid with hot-air welding at the seams and flashing points.",Chernihivska,Chernihivskyi,Chernihivska,Chernihiv,Vocational School of Consumer Services,698,698,"2,596,315","51°30'41.9""N 31°16'20.9""E",https://drive.google.com/drive/folders/1vYJOGie-ZKCPFC9mXe6Brynb65FKv-TH,Completed,8/9/2024,yes